-- 插入地区
INSERT INTO Tianxx_Regions VALUES ('R001', '浙江');
INSERT INTO Tianxx_Regions VALUES ('R002', '江苏');
INSERT INTO Tianxx_Regions VALUES ('R003', '广东');
INSERT INTO Tianxx_Regions VALUES ('R004', '湖南');
INSERT INTO Tianxx_Regions VALUES ('R005', '山东');

-- 插入系别
INSERT INTO Tianxx_Depts VALUES ('D001', '计算机');
INSERT INTO Tianxx_Depts VALUES ('D002', '通信工程');
INSERT INTO Tianxx_Depts VALUES ('D003', '人工智能');
INSERT INTO Tianxx_Depts VALUES ('D004', '信息管理');

-- 插入班级
INSERT INTO Tianxx_Classes VALUES ('C001', 'D001', '计算机1班');
INSERT INTO Tianxx_Classes VALUES ('C002', 'D001', '计算机2班');
INSERT INTO Tianxx_Classes VALUES ('C003', 'D002', '通信工程1班');
INSERT INTO Tianxx_Classes VALUES ('C004', 'D002', '通信工程2班');
INSERT INTO Tianxx_Classes VALUES ('C005', 'D003', '人工智能1班');
INSERT INTO Tianxx_Classes VALUES ('C006', 'D003', '人工智能2班');
INSERT INTO Tianxx_Classes VALUES ('C007', 'D004', '信息管理1班');
INSERT INTO Tianxx_Classes VALUES ('C008', 'D004', '信息管理2班');

-- 插入教师
INSERT INTO Tianxx_Teachers VALUES ('T001', '教师1', '男', 45, '讲师', '13547814081');
INSERT INTO Tianxx_Teachers VALUES ('T002', '教师2', '女', 49, '副教授', '13866722291');
INSERT INTO Tianxx_Teachers VALUES ('T003', '教师3', '男', 34, '教授', '13274144379');
INSERT INTO Tianxx_Teachers VALUES ('T004', '教师4', '女', 32, '副教授', '13480982615');
INSERT INTO Tianxx_Teachers VALUES ('T005', '教师5', '女', 34, '讲师', '13414478171');
INSERT INTO Tianxx_Teachers VALUES ('T006', '教师6', '女', 40, '副教授', '13435567194');
INSERT INTO Tianxx_Teachers VALUES ('T007', '教师7', '男', 52, '教授', '13260294695');
INSERT INTO Tianxx_Teachers VALUES ('T008', '教师8', '男', 55, '副教授', '13356101304');
INSERT INTO Tianxx_Teachers VALUES ('T009', '教师9', '女', 32, '讲师', '13910617526');
INSERT INTO Tianxx_Teachers VALUES ('T010', '教师10', '男', 39, '副教授', '13813915329');

-- 插入学生
INSERT INTO Tianxx_Students VALUES ('S000001', '学生1', '女', 21, 'R002', 'D003', 'C001', '2021-09-01', 22);
INSERT INTO Tianxx_Students VALUES ('S000002', '学生2', '男', 20, 'R004', 'D002', 'C007', '2022-09-01', 94);
INSERT INTO Tianxx_Students VALUES ('S000003', '学生3', '女', 19, 'R001', 'D003', 'C003', '2022-09-01', 52);
INSERT INTO Tianxx_Students VALUES ('S000004', '学生4', '女', 21, 'R005', 'D004', 'C006', '2022-09-01', 66);
INSERT INTO Tianxx_Students VALUES ('S000005', '学生5', '男', 21, 'R002', 'D004', 'C004', '2021-09-01', 103);
INSERT INTO Tianxx_Students VALUES ('S000006', '学生6', '女', 22, 'R003', 'D001', 'C005', '2022-09-01', 15);
INSERT INTO Tianxx_Students VALUES ('S000007', '学生7', '女', 22, 'R003', 'D002', 'C008', '2021-09-01', 23);
INSERT INTO Tianxx_Students VALUES ('S000008', '学生8', '女', 22, 'R004', 'D003', 'C007', '2022-09-01', 8);
INSERT INTO Tianxx_Students VALUES ('S000009', '学生9', '女', 21, 'R003', 'D004', 'C006', '2022-09-01', 32);
INSERT INTO Tianxx_Students VALUES ('S000010', '学生10', '女', 19, 'R002', 'D002', 'C003', '2021-09-01', 51);
INSERT INTO Tianxx_Students VALUES ('S0000', '学生', '男', 19, 'R003', 'D001', 'C004', '2022-09-01', 109);
INSERT INTO Tianxx_Students VALUES ('S000012', '学生12', '男', 19, 'R004', 'D002', 'C002', '2022-09-01', 76);
INSERT INTO Tianxx_Students VALUES ('S000013', '学生13', '女', 20, 'R005', 'D003', 'C003', '2022-09-01', 42);
INSERT INTO Tianxx_Students VALUES ('S000014', '学生14', '女', 19, 'R004', 'D004', 'C008', '2021-09-01', 8);
INSERT INTO Tianxx_Students VALUES ('S000015', '学生15', '女', 22, 'R003', 'D004', 'C001', '2022-09-01', 55);
INSERT INTO Tianxx_Students VALUES ('S000016', '学生16', '女', 21, 'R001', 'D002', 'C005', '2022-09-01', 67);
INSERT INTO Tianxx_Students VALUES ('S000017', '学生17', '女', 20, 'R005', 'D003', 'C004', '2021-09-01', 100);
INSERT INTO Tianxx_Students VALUES ('S000018', '学生18', '男', 22, 'R003', 'D004', 'C001', '2022-09-01', 40);
INSERT INTO Tianxx_Students VALUES ('S000019', '学生19', '男', 22, 'R005', 'D002', 'C003', '2022-09-01', 20);
INSERT INTO Tianxx_Students VALUES ('S000020', '学生20', '女', 22, 'R001', 'D004', 'C001', '2021-09-01', 76);
INSERT INTO Tianxx_Students VALUES ('S000021', '学生21', '女', 21, 'R004', 'D001', 'C006', '2021-09-01', 105);
INSERT INTO Tianxx_Students VALUES ('S000022', '学生22', '女', 20, 'R002', 'D001', 'C006', '2022-09-01', 86);
INSERT INTO Tianxx_Students VALUES ('S000023', '学生23', '男', 21, 'R004', 'D003', 'C001', '2021-09-01', 90);
INSERT INTO Tianxx_Students VALUES ('S000024', '学生24', '男', 19, 'R004', 'D003', 'C005', '2021-09-01', 3);
INSERT INTO Tianxx_Students VALUES ('S000025', '学生25', '男', 18, 'R004', 'D001', 'C005', '2021-09-01', 85);
INSERT INTO Tianxx_Students VALUES ('S000026', '学生26', '女', 20, 'R003', 'D002', 'C004', '2022-09-01', 95);
INSERT INTO Tianxx_Students VALUES ('S000027', '学生27', '男', 18, 'R003', 'D003', 'C003', '2021-09-01', 22);
INSERT INTO Tianxx_Students VALUES ('S000028', '学生28', '男', 22, 'R003', 'D002', 'C003', '2022-09-01', 46);
INSERT INTO Tianxx_Students VALUES ('S000029', '学生29', '男', 19, 'R001', 'D001', 'C007', '2022-09-01', 39);
INSERT INTO Tianxx_Students VALUES ('S000030', '学生30', '男', 20, 'R003', 'D003', 'C006', '2021-09-01', 7);
INSERT INTO Tianxx_Students VALUES ('S000031', '学生31', '女', 22, 'R004', 'D001', 'C006', '2021-09-01', 1);
INSERT INTO Tianxx_Students VALUES ('S000032', '学生32', '男', 20, 'R001', 'D001', 'C008', '2021-09-01', 39);
INSERT INTO Tianxx_Students VALUES ('S000033', '学生33', '女', 21, 'R004', 'D002', 'C008', '2021-09-01', 38);
INSERT INTO Tianxx_Students VALUES ('S000034', '学生34', '男', 18, 'R001', 'D002', 'C003', '2022-09-01', 49);
INSERT INTO Tianxx_Students VALUES ('S000035', '学生35', '女', 20, 'R002', 'D004', 'C007', '2022-09-01', 100);
INSERT INTO Tianxx_Students VALUES ('S000036', '学生36', '女', 18, 'R001', 'D003', 'C008', '2022-09-01', 98);
INSERT INTO Tianxx_Students VALUES ('S000037', '学生37', '女', 18, 'R002', 'D001', 'C004', '2021-09-01' );
INSERT INTO Tianxx_Students VALUES ('S000038', '学生38', '女', 22, 'R005', 'D002', 'C001', '2021-09-01', 59);
INSERT INTO Tianxx_Students VALUES ('S000039', '学生39', '女', 20, 'R002', 'D002', 'C002', '2021-09-01', 29);
INSERT INTO Tianxx_Students VALUES ('S000040', '学生40', '女', 20, 'R005', 'D001', 'C004', '2021-09-01', 9);
INSERT INTO Tianxx_Students VALUES ('S000041', '学生41', '女', 18, 'R002', 'D002', 'C007', '2022-09-01', 56);
INSERT INTO Tianxx_Students VALUES ('S000042', '学生42', '女', 21, 'R004', 'D004', 'C006', '2022-09-01', 62);
INSERT INTO Tianxx_Students VALUES ('S000043', '学生43', '女', 18, 'R003', 'D001', 'C004', '2021-09-01', 105);
INSERT INTO Tianxx_Students VALUES ('S000044', '学生44', '女', 19, 'R003', 'D002', 'C006', '2022-09-01', 81);
INSERT INTO Tianxx_Students VALUES ('S000045', '学生45', '男', 20, 'R005', 'D003', 'C002', '2022-09-01', 40);
INSERT INTO Tianxx_Students VALUES ('S000046', '学生46', '女', 22, 'R003', 'D004', 'C002', '2022-09-01', 10);
INSERT INTO Tianxx_Students VALUES ('S000047', '学生47', '女', 21, 'R003', 'D003', 'C007', '2021-09-01', 28);
INSERT INTO Tianxx_Students VALUES ('S000048', '学生48', '女', 21, 'R002', 'D003', 'C006', '2022-09-01', 57);
INSERT INTO Tianxx_Students VALUES ('S000049', '学生49', '男', 20, 'R003', 'D001', 'C002', '2021-09-01', 34);
INSERT INTO Tianxx_Students VALUES ('S000050', '学生50', '男', 19, 'R003', 'D001', 'C007', '2021-09-01', 8);
INSERT INTO Tianxx_Students VALUES ('S000051', '学生51', '女', 21, 'R004', 'D004', 'C001', '2021-09-01', 46);
INSERT INTO Tianxx_Students VALUES ('S000052', '学生52', '女', 19, 'R001', 'D003', 'C008', '2021-09-01', 4);
INSERT INTO Tianxx_Students VALUES ('S000053', '学生53', '女', 20, 'R001', 'D004', 'C007', '2022-09-01', 105);
INSERT INTO Tianxx_Students VALUES ('S000054', '学生54', '女', 21, 'R004', 'D003', 'C002', '2021-09-01', 42);
INSERT INTO Tianxx_Students VALUES ('S000055', '学生55', '女', 22, 'R002', 'D003', 'C003', '2022-09-01', 100);
INSERT INTO Tianxx_Students VALUES ('S000056', '学生56', '女', 22, 'R005', 'D002', 'C008', '2021-09-01', 18);
INSERT INTO Tianxx_Students VALUES ('S000057', '学生57', '女', 21, 'R004', 'D001', 'C003', '2021-09-01', 6);
INSERT INTO Tianxx_Students VALUES ('S000058', '学生58', '男', 18, 'R005', 'D001', 'C003', '2022-09-01', 56);
INSERT INTO Tianxx_Students VALUES ('S000059', '学生59', '男', 18, 'R004', 'D002', 'C004', '2022-09-01', 46);
INSERT INTO Tianxx_Students VALUES ('S000060', '学生60', '女', 21, 'R001', 'D002', 'C008', '2021-09-01', 92);
INSERT INTO Tianxx_Students VALUES ('S000061', '学生61', '男', 18, 'R003', 'D004', 'C001', '2022-09-01', 68);
INSERT INTO Tianxx_Students VALUES ('S000062', '学生62', '男', 21, 'R005', 'D001', 'C007', '2022-09-01', 12);
INSERT INTO Tianxx_Students VALUES ('S000063', '学生63', '男', 21, 'R005', 'D003', 'C002', '2021-09-01', 7);
INSERT INTO Tianxx_Students VALUES ('S000064', '学生64', '女', 22, 'R004', 'D002', 'C003', '2022-09-01', 52);
INSERT INTO Tianxx_Students VALUES ('S000065', '学生65', '男', 22, 'R001', 'D001', 'C004', '2022-09-01', 0);
INSERT INTO Tianxx_Students VALUES ('S000066', '学生66', '男', 22, 'R005', 'D002', 'C003', '2021-09-01', 52);
INSERT INTO Tianxx_Students VALUES ('S000067', '学生67', '女', 18, 'R002', 'D003', 'C001', '2021-09-01', 65);
INSERT INTO Tianxx_Students VALUES ('S000068', '学生68', '女', 21, 'R004', 'D002', 'C001', '2021-09-01', 55);
INSERT INTO Tianxx_Students VALUES ('S000069', '学生69', '女', 22, 'R001', 'D004', 'C008', '2021-09-01', 94);
INSERT INTO Tianxx_Students VALUES ('S000070', '学生70', '女', 21, 'R002', 'D004', 'C003', '2021-09-01', 22);
INSERT INTO Tianxx_Students VALUES ('S000071', '学生71', '男', 19, 'R002', 'D002', 'C003', '2021-09-01', 18);
INSERT INTO Tianxx_Students VALUES ('S000072', '学生72', '男', 18, 'R001', 'D004', 'C007', '2021-09-01', 58);
INSERT INTO Tianxx_Students VALUES ('S000073', '学生73', '男', 20, 'R001', 'D004', 'C001', '2021-09-01', 5);
INSERT INTO Tianxx_Students VALUES ('S000074', '学生74', '男', 20, 'R002', 'D004', 'C006', '2021-09-01', 17);
INSERT INTO Tianxx_Students VALUES ('S000075', '学生75', '男', 20, 'R005', 'D004', 'C004', '2022-09-01', 87);
INSERT INTO Tianxx_Students VALUES ('S000076', '学生76', '男', 18, 'R004', 'D004', 'C004', '2022-09-01', 56);
INSERT INTO Tianxx_Students VALUES ('S000077', '学生77', '男', 18, 'R001', 'D003', 'C002', '2021-09-01', 9);
INSERT INTO Tianxx_Students VALUES ('S000078', '学生78', '男', 19, 'R002', 'D002', 'C002', '2022-09-01', 0);
INSERT INTO Tianxx_Students VALUES ('S000079', '学生79', '女', 18, 'R005', 'D002', 'C001', '2021-09-01', 100);
INSERT INTO Tianxx_Students VALUES ('S000080', '学生80', '男', 22, 'R004', 'D003', 'C008', '2022-09-01', 18);
INSERT INTO Tianxx_Students VALUES ('S000081', '学生81', '男', 21, 'R002', 'D003', 'C008', '2022-09-01');
INSERT INTO Tianxx_Students VALUES ('S000082', '学生82', '男', 22, 'R005', 'D004', 'C004', '2022-09-01', 21);
INSERT INTO Tianxx_Students VALUES ('S000083', '学生83', '男', 18, 'R002', 'D003', 'C003', '2022-09-01', 0);
INSERT INTO Tianxx_Students VALUES ('S000084', '学生84', '女', 22, 'R001', 'D004', 'C002', '2022-09-01', 35);
INSERT INTO Tianxx_Students VALUES ('S000085', '学生85', '男', 22, 'R003', 'D002', 'C003', '2021-09-01', 88);
INSERT INTO Tianxx_Students VALUES ('S000086', '学生86', '女', 18, 'R004', 'D003', 'C007', '2022-09-01', 71);
INSERT INTO Tianxx_Students VALUES ('S000087', '学生87', '男', 21, 'R002', 'D002', 'C003', '2022-09-01', 98);
INSERT INTO Tianxx_Students VALUES ('S000088', '学生88', '女', 22, 'R002', 'D002', 'C001', '2022-09-01', 82);
INSERT INTO Tianxx_Students VALUES ('S000089', '学生89', '女', 22, 'R002', 'D001', 'C005', '2022-09-01', 68);
INSERT INTO Tianxx_Students VALUES ('S000090', '学生90', '女', 22, 'R003', 'D004', 'C001', '2021-09-01', 70);
INSERT INTO Tianxx_Students VALUES ('S000091', '学生91', '女', 22, 'R001', 'D002', 'C001', '2022-09-01', 94);
INSERT INTO Tianxx_Students VALUES ('S000092', '学生92', '女', 20, 'R002', 'D004', 'C003', '2021-09-01', 101);
INSERT INTO Tianxx_Students VALUES ('S000093', '学生93', '女', 18, 'R001', 'D002', 'C001', '2021-09-01', 17);
INSERT INTO Tianxx_Students VALUES ('S000094', '学生94', '男', 20, 'R004', 'D001', 'C007', '2022-09-01', 109);
INSERT INTO Tianxx_Students VALUES ('S000095', '学生95', '女', 21, 'R002', 'D002', 'C003', '2022-09-01', 34);
INSERT INTO Tianxx_Students VALUES ('S000096', '学生96', '女', 18, 'R002', 'D003', 'C001', '2021-09-01', 47);
INSERT INTO Tianxx_Students VALUES ('S000097', '学生97', '男', 22, 'R005', 'D001', 'C004', '2022-09-01', 35);
INSERT INTO Tianxx_Students VALUES ('S000098', '学生98', '男', 22, 'R004', 'D001', 'C001', '2021-09-01', 82);
INSERT INTO Tianxx_Students VALUES ('S000099', '学生99', '女', 21, 'R005', 'D001', 'C007', '2021-09-01', 53);
INSERT INTO Tianxx_Students VALUES ('S000100', '学生100', '男', 22, 'R001', 'D004', 'C007', '2022-09-01', 82);

-- 插入课程
INSERT INTO Tianxx_Courses VALUES ('K001', '课程1', 2, 32, '考试');
INSERT INTO Tianxx_Courses VALUES ('K002', '课程2', 3, 48, '考查');
INSERT INTO Tianxx_Courses VALUES ('K003', '课程3', 4, 64, '考试');
INSERT INTO Tianxx_Courses VALUES ('K004', '课程4', 3, 48, '考试');
INSERT INTO Tianxx_Courses VALUES ('K005', '课程5', 3, 48, '考试');
INSERT INTO Tianxx_Courses VALUES ('K006', '课程6', 4, 64, '考查');
INSERT INTO Tianxx_Courses VALUES ('K007', '课程7', 2, 32, '考查');
INSERT INTO Tianxx_Courses VALUES ('K008', '课程8', 2, 32, '考试');
INSERT INTO Tianxx_Courses VALUES ('K009', '课程9', 3, 48, '考查');
INSERT INTO Tianxx_Courses VALUES ('K010', '课程10', 3, 48, '考试');
INSERT INTO Tianxx_Courses VALUES ('K0', '课程', 3, 48, '考查');
INSERT INTO Tianxx_Courses VALUES ('K012', '课程12', 3, 48, '考试');
INSERT INTO Tianxx_Courses VALUES ('K013', '课程13', 4, 64, '考查');
INSERT INTO Tianxx_Courses VALUES ('K014', '课程14', 4, 64, '考查');
INSERT INTO Tianxx_Courses VALUES ('K015', '课程15', 3, 48, '考查');
INSERT INTO Tianxx_Courses VALUES ('K016', '课程16', 2, 32, '考查');
INSERT INTO Tianxx_Courses VALUES ('K017', '课程17', 3, 48, '考试');
INSERT INTO Tianxx_Courses VALUES ('K018', '课程18', 3, 48, '考试');
INSERT INTO Tianxx_Courses VALUES ('K019', '课程19', 2, 32, '考试');
INSERT INTO Tianxx_Courses VALUES ('K020', '课程20', 3, 48, '考试');

-- 插入教学安排
INSERT INTO Tianxx_Teaching (txx_TeachingID, txx_Cno, txx_Tno, txx_ClassID, txx_Term) VALUES (1, 'K018', 'T003', 'C003', '2023-2024-2');
INSERT INTO Tianxx_Teaching (txx_TeachingID, txx_Cno, txx_Tno, txx_ClassID, txx_Term) VALUES (2, 'K006', 'T009', 'C004', '2023-2024-1');
INSERT INTO Tianxx_Teaching (txx_TeachingID, txx_Cno, txx_Tno, txx_ClassID, txx_Term) VALUES (3, 'K0', 'T001', 'C001', '2023-2024-1');
INSERT INTO Tianxx_Teaching (txx_TeachingID, txx_Cno, txx_Tno, txx_ClassID, txx_Term) VALUES (4, 'K017', 'T003', 'C006', '2023-2024-1');
INSERT INTO Tianxx_Teaching (txx_TeachingID, txx_Cno, txx_Tno, txx_ClassID, txx_Term) VALUES (5, 'K017', 'T006', 'C007', '2023-2024-2');
INSERT INTO Tianxx_Teaching (txx_TeachingID, txx_Cno, txx_Tno, txx_ClassID, txx_Term) VALUES (6, 'K0', 'T003', 'C007', '2023-2024-2');
INSERT INTO Tianxx_Teaching (txx_TeachingID, txx_Cno, txx_Tno, txx_ClassID, txx_Term) VALUES (7, 'K019', 'T001', 'C006', '2023-2024-1');
INSERT INTO Tianxx_Teaching (txx_TeachingID, txx_Cno, txx_Tno, txx_ClassID, txx_Term) VALUES (8, 'K019', 'T008', 'C008', '2023-2024-1');
INSERT INTO Tianxx_Teaching (txx_TeachingID, txx_Cno, txx_Tno, txx_ClassID, txx_Term) VALUES (9, 'K008', 'T003', 'C003', '2023-2024-1');
INSERT INTO Tianxx_Teaching (txx_TeachingID, txx_Cno, txx_Tno, txx_ClassID, txx_Term) VALUES (10, 'K015', 'T003', 'C003', '2023-2024-1');
INSERT INTO Tianxx_Teaching (txx_TeachingID, txx_Cno, txx_Tno, txx_ClassID, txx_Term) VALUES (11, 'K015', 'T001', 'C006', '2023-2024-2');
INSERT INTO Tianxx_Teaching (txx_TeachingID, txx_Cno, txx_Tno, txx_ClassID, txx_Term) VALUES (12, 'K019', 'T001', 'C006', '2023-2024-2');
INSERT INTO Tianxx_Teaching (txx_TeachingID, txx_Cno, txx_Tno, txx_ClassID, txx_Term) VALUES (13, 'K008', 'T009', 'C005', '2023-2024-1');
INSERT INTO Tianxx_Teaching (txx_TeachingID, txx_Cno, txx_Tno, txx_ClassID, txx_Term) VALUES (14, 'K019', 'T007', 'C001', '2023-2024-2');
INSERT INTO Tianxx_Teaching (txx_TeachingID, txx_Cno, txx_Tno, txx_ClassID, txx_Term) VALUES (15, 'K002', 'T003', 'C002', '2023-2024-2');
INSERT INTO Tianxx_Teaching (txx_TeachingID, txx_Cno, txx_Tno, txx_ClassID, txx_Term) VALUES (16, 'K002', 'T008', 'C005', '2023-2024-2');
INSERT INTO Tianxx_Teaching (txx_TeachingID, txx_Cno, txx_Tno, txx_ClassID, txx_Term) VALUES (17, 'K012', 'T003', 'C007', '2023-2024-1');
INSERT INTO Tianxx_Teaching (txx_TeachingID, txx_Cno, txx_Tno, txx_ClassID, txx_Term) VALUES (18, 'K007', 'T007', 'C007', '2023-2024-1');
INSERT INTO Tianxx_Teaching (txx_TeachingID, txx_Cno, txx_Tno, txx_ClassID, txx_Term) VALUES (19, 'K009', 'T005', 'C006', '2023-2024-1');
INSERT INTO Tianxx_Teaching (txx_TeachingID, txx_Cno, txx_Tno, txx_ClassID, txx_Term) VALUES (20, 'K015', 'T003', 'C006', '2023-2024-2');
INSERT INTO Tianxx_Teaching (txx_TeachingID, txx_Cno, txx_Tno, txx_ClassID, txx_Term) VALUES (21, 'K010', 'T004', 'C008', '2023-2024-1');
INSERT INTO Tianxx_Teaching (txx_TeachingID, txx_Cno, txx_Tno, txx_ClassID, txx_Term) VALUES (22, 'K020', 'T003', 'C008', '2023-2024-2');
INSERT INTO Tianxx_Teaching (txx_TeachingID, txx_Cno, txx_Tno, txx_ClassID, txx_Term) VALUES (23, 'K018', 'T001', 'C003', '2023-2024-2');
INSERT INTO Tianxx_Teaching (txx_TeachingID, txx_Cno, txx_Tno, txx_ClassID, txx_Term) VALUES (24, 'K016', 'T007', 'C003', '2023-2024-1');
INSERT INTO Tianxx_Teaching (txx_TeachingID, txx_Cno, txx_Tno, txx_ClassID, txx_Term) VALUES (25, 'K019', 'T010', 'C007', '2023-2024-2');
INSERT INTO Tianxx_Teaching (txx_TeachingID, txx_Cno, txx_Tno, txx_ClassID, txx_Term) VALUES (26, 'K005', 'T005', 'C007', '2023-2024-2');
INSERT INTO Tianxx_Teaching (txx_TeachingID, txx_Cno, txx_Tno, txx_ClassID, txx_Term) VALUES (27, 'K008', 'T009', 'C002', '2023-2024-1');
INSERT INTO Tianxx_Teaching (txx_TeachingID, txx_Cno, txx_Tno, txx_ClassID, txx_Term) VALUES (28, 'K010', 'T004', 'C006', '2023-2024-1');
INSERT INTO Tianxx_Teaching (txx_TeachingID, txx_Cno, txx_Tno, txx_ClassID, txx_Term) VALUES (29, 'K017', 'T003', 'C006', '2023-2024-2');
INSERT INTO Tianxx_Teaching (txx_TeachingID, txx_Cno, txx_Tno, txx_ClassID, txx_Term) VALUES (30, 'K009', 'T007', 'C007', '2023-2024-1');
INSERT INTO Tianxx_Teaching (txx_TeachingID, txx_Cno, txx_Tno, txx_ClassID, txx_Term) VALUES (31, 'K020', 'T003', 'C007', '2023-2024-2');
INSERT INTO Tianxx_Teaching (txx_TeachingID, txx_Cno, txx_Tno, txx_ClassID, txx_Term) VALUES (32, 'K018', 'T007', 'C004', '2023-2024-2');
INSERT INTO Tianxx_Teaching (txx_TeachingID, txx_Cno, txx_Tno, txx_ClassID, txx_Term) VALUES (33, 'K019', 'T004', 'C006', '2023-2024-1');
INSERT INTO Tianxx_Teaching (txx_TeachingID, txx_Cno, txx_Tno, txx_ClassID, txx_Term) VALUES (34, 'K003', 'T007', 'C007', '2023-2024-2');
INSERT INTO Tianxx_Teaching (txx_TeachingID, txx_Cno, txx_Tno, txx_ClassID, txx_Term) VALUES (35, 'K012', 'T004', 'C007', '2023-2024-2');
INSERT INTO Tianxx_Teaching (txx_TeachingID, txx_Cno, txx_Tno, txx_ClassID, txx_Term) VALUES (36, 'K019', 'T008', 'C004', '2023-2024-2');
INSERT INTO Tianxx_Teaching (txx_TeachingID, txx_Cno, txx_Tno, txx_ClassID, txx_Term) VALUES (37, 'K001', 'T004', 'C002', '2023-2024-1');
INSERT INTO Tianxx_Teaching (txx_TeachingID, txx_Cno, txx_Tno, txx_ClassID, txx_Term) VALUES (38, 'K014', 'T009', 'C002', '2023-2024-2');
INSERT INTO Tianxx_Teaching (txx_TeachingID, txx_Cno, txx_Tno, txx_ClassID, txx_Term) VALUES (39, 'K002', 'T006', 'C007', '2023-2024-1');
INSERT INTO Tianxx_Teaching (txx_TeachingID, txx_Cno, txx_Tno, txx_ClassID, txx_Term) VALUES (40, 'K012', 'T002', 'C002', '2023-2024-2');
INSERT INTO Tianxx_Teaching (txx_TeachingID, txx_Cno, txx_Tno, txx_ClassID, txx_Term) VALUES (41, 'K016', 'T002', 'C005', '2023-2024-1');
INSERT INTO Tianxx_Teaching (txx_TeachingID, txx_Cno, txx_Tno, txx_ClassID, txx_Term) VALUES (42, 'K015', 'T001', 'C004', '2023-2024-2');
INSERT INTO Tianxx_Teaching (txx_TeachingID, txx_Cno, txx_Tno, txx_ClassID, txx_Term) VALUES (43, 'K013', 'T006', 'C008', '2023-2024-1');
INSERT INTO Tianxx_Teaching (txx_TeachingID, txx_Cno, txx_Tno, txx_ClassID, txx_Term) VALUES (44, 'K001', 'T010', 'C001', '2023-2024-1');
INSERT INTO Tianxx_Teaching (txx_TeachingID, txx_Cno, txx_Tno, txx_ClassID, txx_Term) VALUES (45, 'K012', 'T001', 'C002', '2023-2024-1');
INSERT INTO Tianxx_Teaching (txx_TeachingID, txx_Cno, txx_Tno, txx_ClassID, txx_Term) VALUES (46, 'K008', 'T008', 'C003', '2023-2024-1');
INSERT INTO Tianxx_Teaching (txx_TeachingID, txx_Cno, txx_Tno, txx_ClassID, txx_Term) VALUES (47, 'K016', 'T010', 'C001', '2023-2024-1');
INSERT INTO Tianxx_Teaching (txx_TeachingID, txx_Cno, txx_Tno, txx_ClassID, txx_Term) VALUES (48, 'K003', 'T005', 'C002', '2023-2024-1');
INSERT INTO Tianxx_Teaching (txx_TeachingID, txx_Cno, txx_Tno, txx_ClassID, txx_Term) VALUES (49, 'K010', 'T005', 'C003', '2023-2024-2');
INSERT INTO Tianxx_Teaching (txx_TeachingID, txx_Cno, txx_Tno, txx_ClassID, txx_Term) VALUES (50, 'K003', 'T008', 'C004', '2023-2024-2');

-- 插入成绩
INSERT INTO Tianxx_Reports VALUES ('S000001', 40, 78.1);
INSERT INTO Tianxx_Reports VALUES ('S000001', 46, 98.6);
INSERT INTO Tianxx_Reports VALUES ('S000001', 7, 66.9);
INSERT INTO Tianxx_Reports VALUES ('S000001', 23, 81.2);
INSERT INTO Tianxx_Reports VALUES ('S000001', 14, 78.4);
INSERT INTO Tianxx_Reports VALUES ('S000001', 28, 75.8);
INSERT INTO Tianxx_Reports VALUES ('S000002', 49, 82.9);
INSERT INTO Tianxx_Reports VALUES ('S000002', 37, 70.2);
INSERT INTO Tianxx_Reports VALUES ('S000002', 32, 97.2);
INSERT INTO Tianxx_Reports VALUES ('S000002', 18, 98.6);
INSERT INTO Tianxx_Reports VALUES ('S000002',6, 84.2);
INSERT INTO Tianxx_Reports VALUES ('S000002', 36, 71.3);
INSERT INTO Tianxx_Reports VALUES ('S000003', 13, 79.7);
INSERT INTO Tianxx_Reports VALUES ('S000003', 21, 74.5);
INSERT INTO Tianxx_Reports VALUES ('S000003', 6, 61.1);
INSERT INTO Tianxx_Reports VALUES ('S000003', 19, 72.5);
INSERT INTO Tianxx_Reports VALUES ('S000003', 39, 68.7);
INSERT INTO Tianxx_Reports VALUES ('S000004', 31, 63.5);
INSERT INTO Tianxx_Reports VALUES ('S000004', 18, 94.1);
INSERT INTO Tianxx_Reports VALUES ('S000004', 40, 83.7);
INSERT INTO Tianxx_Reports VALUES ('S000004', 20, 90.8);
INSERT INTO Tianxx_Reports VALUES ('S000004', 37, 91.0);
INSERT INTO Tianxx_Reports VALUES ('S000004', 7, 75.8);
INSERT INTO Tianxx_Reports VALUES ('S000005', 18, 81.6);
INSERT INTO Tianxx_Reports VALUES ('S000005', 47, 69.4);
INSERT INTO Tianxx_Reports VALUES ('S000005', 35, 61.3);
INSERT INTO Tianxx_Reports VALUES ('S000005', 45, 92.2);
INSERT INTO Tianxx_Reports VALUES ('S000005', 6, 67.0);
INSERT INTO Tianxx_Reports VALUES ('S000006', 7, 62.3);
INSERT INTO Tianxx_Reports VALUES ('S000006', 47, 61.9);
INSERT INTO Tianxx_Reports VALUES ('S000006', 22, 99.9);
INSERT INTO Tianxx_Reports VALUES ('S000006', 18, 76.7);
INSERT INTO Tianxx_Reports VALUES ('S000006', 34, 67.4);
INSERT INTO Tianxx_Reports VALUES ('S000007', 46, 69.7);
INSERT INTO Tianxx_Reports VALUES ('S000007', 27, 65.1);
INSERT INTO Tianxx_Reports VALUES ('S000007', 47, 92.7);
INSERT INTO Tianxx_Reports VALUES ('S000007', 31, 98.0);
INSERT INTO Tianxx_Reports VALUES ('S000007', 26, 87.2);
INSERT INTO Tianxx_Reports VALUES ('S000007', 15, 68.0);
INSERT INTO Tianxx_Reports VALUES ('S000007', 38, 69.8);
INSERT INTO Tianxx_Reports VALUES ('S000008', 26, 69.3);
INSERT INTO Tianxx_Reports VALUES ('S000008', 1, 99.7);
INSERT INTO Tianxx_Reports VALUES ('S000008', 29, 66.9);
INSERT INTO Tianxx_Reports VALUES ('S000008', 44, 90.2);
INSERT INTO Tianxx_Reports VALUES ('S000008', 13, 62.6);
INSERT INTO Tianxx_Reports VALUES ('S000008', 15, 95.7);
INSERT INTO Tianxx_Reports VALUES ('S000009', 1, 92.8);
INSERT INTO Tianxx_Reports VALUES ('S000009', 3, 74.6);
INSERT INTO Tianxx_Reports VALUES ('S000009', 7, 89.0);
INSERT INTO Tianxx_Reports VALUES ('S000009', 12, 73.0);
INSERT INTO Tianxx_Reports VALUES ('S000009', 4, 94.2);
INSERT INTO Tianxx_Reports VALUES ('S000010', 44, 83.1);
INSERT INTO Tianxx_Reports VALUES ('S000010', 5, 75.6);
INSERT INTO Tianxx_Reports VALUES ('S000010', 21, 82.7);
INSERT INTO Tianxx_Reports VALUES ('S000010',8, 67.2);
INSERT INTO Tianxx_Reports VALUES ('S000010', 38, 83.0);
INSERT INTO Tianxx_Reports VALUES ('S0000', 18, 96.7);
INSERT INTO Tianxx_Reports VALUES ('S0000', 32, 85.3);
INSERT INTO Tianxx_Reports VALUES ('S0000', 45, 78.5);
INSERT INTO Tianxx_Reports VALUES ('S0000', 41, 85.3);
INSERT INTO Tianxx_Reports VALUES ('S0000', 10, 78.8);
INSERT INTO Tianxx_Reports VALUES ('S0000', 8, 72.5);
INSERT INTO Tianxx_Reports VALUES ('S0000', 4, 92.3);
INSERT INTO Tianxx_Reports VALUES ('S000012', 47, 63.0);
INSERT INTO Tianxx_Reports VALUES ('S000012', 29, 97.6);
INSERT INTO Tianxx_Reports VALUES ('S000012', 31, 67.0);
INSERT INTO Tianxx_Reports VALUES ('S000012', 24, 63.0);
INSERT INTO Tianxx_Reports VALUES ('S000012', 33, 87.2);
INSERT INTO Tianxx_Reports VALUES ('S000012', 38, 67.0);
INSERT INTO Tianxx_Reports VALUES ('S000012', 3, 70.6);
INSERT INTO Tianxx_Reports VALUES ('S000013', 19, 75.4);
INSERT INTO Tianxx_Reports VALUES ('S000013', 24, 97.0);
INSERT INTO Tianxx_Reports VALUES ('S000013', 29, 68.3);
INSERT INTO Tianxx_Reports VALUES ('S000013', 9, 61.7);
INSERT INTO Tianxx_Reports VALUES ('S000013', 35, 78.8);
INSERT INTO Tianxx_Reports VALUES ('S000014', 4, 84.8);
INSERT INTO Tianxx_Reports VALUES ('S000014', 8, 89.1);
INSERT INTO Tianxx_Reports VALUES ('S000014', 13, 63.3);
INSERT INTO Tianxx_Reports VALUES ('S000014', 45, 80.7);
INSERT INTO Tianxx_Reports VALUES ('S000014', 26, 68.2);
INSERT INTO Tianxx_Reports VALUES ('S000015', 34, 82.5);
INSERT INTO Tianxx_Reports VALUES ('S000015', 24, 70.6);
INSERT INTO Tianxx_Reports VALUES ('S000015', 29, 87.5);
INSERT INTO Tianxx_Reports VALUES ('S000015', 4, 68.1);
INSERT INTO Tianxx_Reports VALUES ('S000015', 45, 99.1);
INSERT INTO Tianxx_Reports VALUES ('S000016', 26, 72.9);
INSERT INTO Tianxx_Reports VALUES ('S000016', 10, 89.9);
INSERT INTO Tianxx_Reports VALUES ('S000016', 16, 81.6);
INSERT INTO Tianxx_Reports VALUES ('S000016',18 , 66.1);
INSERT INTO Tianxx_Reports VALUES ('S000016', 30, 77.4);
INSERT INTO Tianxx_Reports VALUES ('S000016', 43, 81.3);
INSERT INTO Tianxx_Reports VALUES ('S000017', 19, 79.9);
INSERT INTO Tianxx_Reports VALUES ('S000017', 6, 79.1);
INSERT INTO Tianxx_Reports VALUES ('S000017', 38, 89.3);
INSERT INTO Tianxx_Reports VALUES ('S000017', 2, 69.2);
INSERT INTO Tianxx_Reports VALUES ('S000017', 40, 97.4);
INSERT INTO Tianxx_Reports VALUES ('S000018', 49, 79.5);
INSERT INTO Tianxx_Reports VALUES ('S000018', 10, 69.9);
INSERT INTO Tianxx_Reports VALUES ('S000018', 21, 99.6);
INSERT INTO Tianxx_Reports VALUES ('S000018', 19, 61.5);
INSERT INTO Tianxx_Reports VALUES ('S000018', 20, 85.6);
INSERT INTO Tianxx_Reports VALUES ('S000019', 48, 81.1);
INSERT INTO Tianxx_Reports VALUES ('S000019', 46, 95.6);
INSERT INTO Tianxx_Reports VALUES ('S000019', 23, 63.2);
INSERT INTO Tianxx_Reports VALUES ('S000019', 27, 89.5);
INSERT INTO Tianxx_Reports VALUES ('S000019', 50, 96.0);
INSERT INTO Tianxx_Reports VALUES ('S000020', 30, 91.0);
INSERT INTO Tianxx_Reports VALUES ('S000020', 39, 60.3);
INSERT INTO Tianxx_Reports VALUES ('S000020', 18, 67.2);
INSERT INTO Tianxx_Reports VALUES ('S000020', 7, 92.3);
INSERT INTO Tianxx_Reports VALUES ('S000020', 26, 99.7);
INSERT INTO Tianxx_Reports VALUES ('S000021',6, 72.1);
INSERT INTO Tianxx_Reports VALUES ('S000021', 49, 79.3);
INSERT INTO Tianxx_Reports VALUES ('S000021', 43, 97.2);
INSERT INTO Tianxx_Reports VALUES ('S000021', 22, 85.2);
INSERT INTO Tianxx_Reports VALUES ('S000021', 26, 80.7);
INSERT INTO Tianxx_Reports VALUES ('S000022', 4, 89.2);
INSERT INTO Tianxx_Reports VALUES ('S000022', 32, 70.0);
INSERT INTO Tianxx_Reports VALUES ('S000022', 6, 69.5);
INSERT INTO Tianxx_Reports VALUES ('S000022', 47, 76.2);
INSERT INTO Tianxx_Reports VALUES ('S000022', 49, 68.1);
INSERT INTO Tianxx_Reports VALUES ('S000022', 45, 98.5);
INSERT INTO Tianxx_Reports VALUES ('S000022', 44, 94.2);
INSERT INTO Tianxx_Reports VALUES ('S000023', 7, 89.6);
INSERT INTO Tianxx_Reports VALUES ('S000023', 5, 71.6);
INSERT INTO Tianxx_Reports VALUES ('S000023', 16, 60.4);
INSERT INTO Tianxx_Reports VALUES ('S000023', 48, 85.9);
INSERT INTO Tianxx_Reports VALUES ('S000023', 20, 96.5);
INSERT INTO Tianxx_Reports VALUES ('S000023', 21, 73.9);
INSERT INTO Tianxx_Reports VALUES ('S000024', 37, 96.1);
INSERT INTO Tianxx_Reports VALUES ('S000024', 49, 74.5);
INSERT INTO Tianxx_Reports VALUES ('S000024', 15, 77.8);
INSERT INTO Tianxx_Reports VALUES ('S000024', 10, 90.7);
INSERT INTO Tianxx_Reports VALUES ('S000024', 4, 91.5);
INSERT INTO Tianxx_Reports VALUES ('S000024', 13, 94.8);
INSERT INTO Tianxx_Reports VALUES ('S000024', 30, 68.8);
INSERT INTO Tianxx_Reports VALUES ('S000025', 37, 63.2);
INSERT INTO Tianxx_Reports VALUES ('S000025', 35, 78.7);
INSERT INTO Tianxx_Reports VALUES ('S000025', 16, 82.0);
INSERT INTO Tianxx_Reports VALUES ('S000025', 34, 66.7);
INSERT INTO Tianxx_Reports VALUES ('S000025', 47, 87.4);
INSERT INTO Tianxx_Reports VALUES ('S000025', 41, 84.8);
INSERT INTO Tianxx_Reports VALUES ('S000025', 19, 85.4);
INSERT INTO Tianxx_Reports VALUES ('S000026', 13, 71.4);
INSERT INTO Tianxx_Reports VALUES ('S000026', 29, 62.4);
INSERT INTO Tianxx_Reports VALUES ('S000026', 37, 80.4);
INSERT INTO Tianxx_Reports VALUES ('S000026', 31, 82.5);
INSERT INTO Tianxx_Reports VALUES ('S000026', 25, 61.9);
INSERT INTO Tianxx_Reports VALUES ('S000026', 6, 68.0);
INSERT INTO Tianxx_Reports VALUES ('S000026', 21, 85.4);
INSERT INTO Tianxx_Reports VALUES ('S000027', 36, 79.2);
INSERT INTO Tianxx_Reports VALUES ('S000027', 49, 65.1);
INSERT INTO Tianxx_Reports VALUES ('S000027', 38, 86.2);
INSERT INTO Tianxx_Reports VALUES ('S000027', 22, 71.8);
INSERT INTO Tianxx_Reports VALUES ('S000027', 39, 64.8);
INSERT INTO Tianxx_Reports VALUES ('S000027', 10, 96.1);
INSERT INTO Tianxx_Reports VALUES ('S000028', 35, 64.1);
INSERT INTO Tianxx_Reports VALUES ('S000028', 2, 82.6);
INSERT INTO Tianxx_Reports VALUES ('S000028', 10, 96.4);
INSERT INTO Tianxx_Reports VALUES ('S000028', 9, 99.4);
INSERT INTO Tianxx_Reports VALUES ('S000028', 20, 99.2);
INSERT INTO Tianxx_Reports VALUES ('S000029', 16, 73.1);
INSERT INTO Tianxx_Reports VALUES ('S000029', 2, 79.6);
INSERT INTO Tianxx_Reports VALUES ('S000029', 6, 97.1);
INSERT INTO Tianxx_Reports VALUES ('S000029', 15, 87.2);
INSERT INTO Tianxx_Reports VALUES ('S000029', 4, 70.1);
INSERT INTO Tianxx_Reports VALUES ('S000029', 34, 77.2);
INSERT INTO Tianxx_Reports VALUES ('S000029', 5, 96.8);
INSERT INTO Tianxx_Reports VALUES ('S000030', 44, 78.3);
INSERT INTO Tianxx_Reports VALUES ('S000030', 5, 62.8);
INSERT INTO Tianxx_Reports VALUES ('S000030', 39, 89.4);
INSERT INTO Tianxx_Reports VALUES ('S000030', 29, 73.7);
INSERT INTO Tianxx_Reports VALUES ('S000030', 30, 76.6);
INSERT INTO Tianxx_Reports VALUES ('S000030', 43, 66.1);
INSERT INTO Tianxx_Reports VALUES ('S000031', 44, 67.1);
INSERT INTO Tianxx_Reports VALUES ('S000031', 37, 66.5);
INSERT INTO Tianxx_Reports VALUES ('S000031', 25, 75.9);
INSERT INTO Tianxx_Reports VALUES ('S000031', 42, 68.9);
INSERT INTO Tianxx_Reports VALUES ('S000031', 21, 65.1);
INSERT INTO Tianxx_Reports VALUES ('S000031', 10, 94.7);
INSERT INTO Tianxx_Reports VALUES ('S000031', 34, 62.1);
INSERT INTO Tianxx_Reports VALUES ('S000032', 48, 81.5);
INSERT INTO Tianxx_Reports VALUES ('S000032', 26, 90.7);
INSERT INTO Tianxx_Reports VALUES ('S000032', 5, 65.0);
INSERT INTO Tianxx_Reports VALUES ('S000032', 31, 93.6);
INSERT INTO Tianxx_Reports VALUES ('S000032', 1, 67.2);
INSERT INTO Tianxx_Reports VALUES ('S000032', 24, 71.9);
INSERT INTO Tianxx_Reports VALUES ('S000033', 3, 82.7);
INSERT INTO Tianxx_Reports VALUES ('S000033', 13, 61.9);
INSERT INTO Tianxx_Reports VALUES ('S000033', 2, 68.5);
INSERT INTO Tianxx_Reports VALUES ('S000033', 32, 88.1);
INSERT INTO Tianxx_Reports VALUES ('S000033', 31, 99.8);
INSERT INTO Tianxx_Reports VALUES ('S000033', 41, 93.6);
INSERT INTO Tianxx_Reports VALUES ('S000034', 39, 61.0);
INSERT INTO Tianxx_Reports VALUES ('S000034', 35, 83.7);
INSERT INTO Tianxx_Reports VALUES ('S000034', 12, 66.6);
INSERT INTO Tianxx_Reports VALUES ('S000034', 50, 68.6);
INSERT INTO Tianxx_Reports VALUES ('S000034', 3, 99.5);
INSERT INTO Tianxx_Reports VALUES ('S000034', 49, 64.3);
INSERT INTO Tianxx_Reports VALUES ('S000035', 20, 98.1);
INSERT INTO Tianxx_Reports VALUES ('S000035', 42, 68.5);
INSERT INTO Tianxx_Reports VALUES ('S000035', 49, 97.4);
INSERT INTO Tianxx_Reports VALUES ('S000035', 21, 85.6);
INSERT INTO Tianxx_Reports VALUES ('S000035', 1, 86.0);
INSERT INTO Tianxx_Reports VALUES ('S000035', 27, 76.5);
INSERT INTO Tianxx_Reports VALUES ('S000036', 21, 77.4);
INSERT INTO Tianxx_Reports VALUES ('S000036', 2, 72.2);
INSERT INTO Tianxx_Reports VALUES ('S000036', 3, 88.7);
INSERT INTO Tianxx_Reports VALUES ('S000036', 47, 92.3);
INSERT INTO Tianxx_Reports VALUES ('S000036', 23, 70.6);
INSERT INTO Tianxx_Reports VALUES ('S000036', 32, 84.7);
INSERT INTO Tianxx_Reports VALUES ('S000036', 19, 62.5);
INSERT INTO Tianxx_Reports VALUES ('S000037', 15, 81.6);
INSERT INTO Tianxx_Reports VALUES ('S000037', 22, 83.6);
INSERT INTO Tianxx_Reports VALUES ('S000037', 5, 89.3);
INSERT INTO Tianxx_Reports VALUES ('S000037', 30, 75.3);
INSERT INTO Tianxx_Reports VALUES ('S000037', 43, 74.6);
INSERT INTO Tianxx_Reports VALUES ('S000037', 22 , 76.6);
INSERT INTO Tianxx_Reports VALUES ('S000038', 34, 98.4);
INSERT INTO Tianxx_Reports VALUES ('S000038', 17, 80.7);
INSERT INTO Tianxx_Reports VALUES ('S000038', 18, 64.5);
INSERT INTO Tianxx_Reports VALUES ('S000038', 3, 78.8);
INSERT INTO Tianxx_Reports VALUES ('S000038', 48, 77.5);
INSERT INTO Tianxx_Reports VALUES ('S000039', 46, 87.2);
INSERT INTO Tianxx_Reports VALUES ('S000039', 22, 86.5);
INSERT INTO Tianxx_Reports VALUES ('S000039', 20, 83.0);
INSERT INTO Tianxx_Reports VALUES ('S000039', 17, 80.5);
INSERT INTO Tianxx_Reports VALUES ('S000039', 10, 99.5);
INSERT INTO Tianxx_Reports VALUES ('S000040', 29, 94.3);
INSERT INTO Tianxx_Reports VALUES ('S000040', 33, 88.1);
INSERT INTO Tianxx_Reports VALUES ('S000040', 1, 93.4);
INSERT INTO Tianxx_Reports VALUES ('S000040', 7, 73.6);
INSERT INTO Tianxx_Reports VALUES ('S000040', 13, 70.5);
INSERT INTO Tianxx_Reports VALUES ('S000040', 8, 99.4);
INSERT INTO Tianxx_Reports VALUES ('S000041', 30, 77.3);
INSERT INTO Tianxx_Reports VALUES ('S000041', 14, 72.3);
INSERT INTO Tianxx_Reports VALUES ('S000041', 32, 80.2);
INSERT INTO Tianxx_Reports VALUES ('S000041', 13, 70.4);
INSERT INTO Tianxx_Reports VALUES ('S000041', 45, 92.3);
INSERT INTO Tianxx_Reports VALUES ('S000041', 29, 97.2);
INSERT INTO Tianxx_Reports VALUES ('S000041', 46, 65.8);
INSERT INTO Tianxx_Reports VALUES ('S000042', 42, 63.1);
INSERT INTO Tianxx_Reports VALUES ('S000042', 1, 86.2);
INSERT INTO Tianxx_Reports VALUES ('S000042', 25, 86.2);
INSERT INTO Tianxx_Reports VALUES ('S000042', 5, 95.4);
INSERT INTO Tianxx_Reports VALUES ('S000042', 47, 85.7);
INSERT INTO Tianxx_Reports VALUES ('S000042', 50, 71.7);
INSERT INTO Tianxx_Reports VALUES ('S000043', 22, 90.8);
INSERT INTO Tianxx_Reports VALUES ('S000043', 7, 96.0);
INSERT INTO Tianxx_Reports VALUES ('S000043', 14, 66.2);
INSERT INTO Tianxx_Reports VALUES ('S000043', 42, 98.6);
INSERT INTO Tianxx_Reports VALUES ('S000043', 28, 84.0);
INSERT INTO Tianxx_Reports VALUES ('S000043', 31, 71.7);
INSERT INTO Tianxx_Reports VALUES ('S000043', 29, 95.7);
INSERT INTO Tianxx_Reports VALUES ('S000044', 8, 72.8);
INSERT INTO Tianxx_Reports VALUES ('S000044', 1, 76.1);
INSERT INTO Tianxx_Reports VALUES ('S000044', 41, 69.0);
INSERT INTO Tianxx_Reports VALUES ('S000044', 34, 85.2);
INSERT INTO Tianxx_Reports VALUES ('S000044', 5, 78.2);
INSERT INTO Tianxx_Reports VALUES ('S000044', 36, 99.0);
INSERT INTO Tianxx_Reports VALUES ('S000044', 43, 87.3);
INSERT INTO Tianxx_Reports VALUES ('S000045', 6, 73.2);
INSERT INTO Tianxx_Reports VALUES ('S000045', 26, 78.4);
INSERT INTO Tianxx_Reports VALUES ('S000045', 39, 77.9);
INSERT INTO Tianxx_Reports VALUES ('S000045', 24, 69.2);
INSERT INTO Tianxx_Reports VALUES ('S000045', 16, 66.2);
INSERT INTO Tianxx_Reports VALUES ('S000046', 42, 98.9);
INSERT INTO Tianxx_Reports VALUES ('S000046', 15, 89.1);
INSERT INTO Tianxx_Reports VALUES ('S000046', 36, 60.3);
INSERT INTO Tianxx_Reports VALUES ('S000046', 30, 73.5);
INSERT INTO Tianxx_Reports VALUES ('S000046', 4, 80.3);
INSERT INTO Tianxx_Reports VALUES ('S000047', 50, 88.4);
INSERT INTO Tianxx_Reports VALUES ('S000047', 18, 90.5);
INSERT INTO Tianxx_Reports VALUES ('S000047', 41, 65.7);
INSERT INTO Tianxx_Reports VALUES ('S000047', 34, 91.3);
INSERT INTO Tianxx_Reports VALUES ('S000047', 47, 77.6);
INSERT INTO Tianxx_Reports VALUES ('S000047', 25, 91.8);
INSERT INTO Tianxx_Reports VALUES ('S000047', 48, 93.2);
INSERT INTO Tianxx_Reports VALUES ('S000048', 25, 96.2);
INSERT INTO Tianxx_Reports VALUES ('S000048', 5, 71.1);
INSERT INTO Tianxx_Reports VALUES ('S000048', 31, 87.1);
INSERT INTO Tianxx_Reports VALUES ('S000048', 19, 86.3);
INSERT INTO Tianxx_Reports VALUES ('S000048', 10, 85.0);
INSERT INTO Tianxx_Reports VALUES ('S000048', 35, 84.7);
INSERT INTO Tianxx_Reports VALUES ('S000049', 48, 90.8);
INSERT INTO Tianxx_Reports VALUES ('S000049', 38, 97.1);
INSERT INTO Tianxx_Reports VALUES ('S000049', 9, 63.7);
INSERT INTO Tianxx_Reports VALUES ('S000049', 37, 90.0);
INSERT INTO Tianxx_Reports VALUES ('S000049', 40, 75.3);
INSERT INTO Tianxx_Reports VALUES ('S000049', 41, 76.8);
INSERT INTO Tianxx_Reports VALUES ('S000049', 50, 78.5);
INSERT INTO Tianxx_Reports VALUES ('S000050', 10, 79.6);
INSERT INTO Tianxx_Reports VALUES ('S000050', 42, 82.4);
INSERT INTO Tianxx_Reports VALUES ('S000050', 47, 92.8);
INSERT INTO Tianxx_Reports VALUES ('S000050', 5, 65.8);
INSERT INTO Tianxx_Reports VALUES ('S000050', 28, 99.3);
INSERT INTO Tianxx_Reports VALUES ('S000050', 43, 68.5);
INSERT INTO Tianxx_Reports VALUES ('S000051', 7, 98.2);
INSERT INTO Tianxx_Reports VALUES ('S000051', 32, 63.4);
INSERT INTO Tianxx_Reports VALUES ('S000051', 6, 86.4);
INSERT INTO Tianxx_Reports VALUES ('S000051', 46, 64.5);
INSERT INTO Tianxx_Reports VALUES ('S000051', 8, 97.1);
INSERT INTO Tianxx_Reports VALUES ('S000051', 43, 89.7);
INSERT INTO Tianxx_Reports VALUES ('S000052', 24, 89.9);
INSERT INTO Tianxx_Reports VALUES ('S000052', 12, 65.5);
INSERT INTO Tianxx_Reports VALUES ('S000052', 34, 66.9);
INSERT INTO Tianxx_Reports VALUES ('S000052', 29, 63.0);
INSERT INTO Tianxx_Reports VALUES ('S000052', 33, 91.2);
INSERT INTO Tianxx_Reports VALUES ('S000052', 26, 68.6);
INSERT INTO Tianxx_Reports VALUES ('S000052', 14, 69.1);
INSERT INTO Tianxx_Reports VALUES ('S000053', 39, 93.6);
INSERT INTO Tianxx_Reports VALUES ('S000053', 25, 63.5);
INSERT INTO Tianxx_Reports VALUES ('S000053', 48, 98.7);
INSERT INTO Tianxx_Reports VALUES ('S000053', 29, 70.3);
INSERT INTO Tianxx_Reports VALUES ('S000053', 40, 87.6);
INSERT INTO Tianxx_Reports VALUES ('S000053', 16, 94.3);
INSERT INTO Tianxx_Reports VALUES ('S000053', 4, 84.7);
INSERT INTO Tianxx_Reports VALUES ('S000054', 4, 81.0);
INSERT INTO Tianxx_Reports VALUES ('S000054', 12, 71.9);
INSERT INTO Tianxx_Reports VALUES ('S000054', 14, 62.7);
INSERT INTO Tianxx_Reports VALUES ('S000054', 27, 93.3);
INSERT INTO Tianxx_Reports VALUES ('S000054', 45, 73.7);
INSERT INTO Tianxx_Reports VALUES ('S000054', 46, 69.6);
INSERT INTO Tianxx_Reports VALUES ('S000055', 29, 86.7);
INSERT INTO Tianxx_Reports VALUES ('S000055', 46, 77.0);
INSERT INTO Tianxx_Reports VALUES ('S000055', 43, 96.8);
INSERT INTO Tianxx_Reports VALUES ('S000055', 25, 79.8);
INSERT INTO Tianxx_Reports VALUES ('S000055', 28, 65.1);
INSERT INTO Tianxx_Reports VALUES ('S000055', 15, 94.2);
INSERT INTO Tianxx_Reports VALUES ('S000055', 41, 84.5);
INSERT INTO Tianxx_Reports VALUES ('S000056', 25, 75.0);
INSERT INTO Tianxx_Reports VALUES ('S000056', 3, 69.0);
INSERT INTO Tianxx_Reports VALUES ('S000056', 6, 60.4);
INSERT INTO Tianxx_Reports VALUES ('S000056', 13, 72.6);
INSERT INTO Tianxx_Reports VALUES ('S000056', 50, 72.5);
INSERT INTO Tianxx_Reports VALUES ('S000056', 28, 78.8);
INSERT INTO Tianxx_Reports VALUES ('S000057', 5, 74.4);
INSERT INTO Tianxx_Reports VALUES ('S000057', 36, 66.6);
INSERT INTO Tianxx_Reports VALUES ('S000057', 2, 96.6);
INSERT INTO Tianxx_Reports VALUES ('S000057', 25, 66.5);
INSERT INTO Tianxx_Reports VALUES ('S000057',30 , 65.8);
INSERT INTO Tianxx_Reports VALUES ('S000057', 41, 75.1);
INSERT INTO Tianxx_Reports VALUES ('S000058', 2, 61.8);
INSERT INTO Tianxx_Reports VALUES ('S000058', 1, 75.4);
INSERT INTO Tianxx_Reports VALUES ('S000058', 39, 96.5);
INSERT INTO Tianxx_Reports VALUES ('S000058', 9, 96.0);
INSERT INTO Tianxx_Reports VALUES ('S000058', 21, 77.5);
INSERT INTO Tianxx_Reports VALUES ('S000058', 30, 76.4);
INSERT INTO Tianxx_Reports VALUES ('S000058', 40, 96.2);
INSERT INTO Tianxx_Reports VALUES ('S000059', 15, 92.6);
INSERT INTO Tianxx_Reports VALUES ('S000059', 48, 64.5);
INSERT INTO Tianxx_Reports VALUES ('S000059', 26, 82.8);
INSERT INTO Tianxx_Reports VALUES ('S000059', 45, 90.3);
INSERT INTO Tianxx_Reports VALUES ('S000059', 10, 88.1);
INSERT INTO Tianxx_Reports VALUES ('S000059', 13, 78.2);
INSERT INTO Tianxx_Reports VALUES ('S000059', 3, 70.6);
INSERT INTO Tianxx_Reports VALUES ('S000060', 31, 94.0);
INSERT INTO Tianxx_Reports VALUES ('S000060', 38, 63.4);
INSERT INTO Tianxx_Reports VALUES ('S000060', 34, 99.2);
INSERT INTO Tianxx_Reports VALUES ('S000060', 36, 73.7);
INSERT INTO Tianxx_Reports VALUES ('S000060', 23, 63.7);
INSERT INTO Tianxx_Reports VALUES ('S000060', 1, 69.2);
INSERT INTO Tianxx_Reports VALUES ('S000060', 49, 90.3);
INSERT INTO Tianxx_Reports VALUES ('S000061', 39, 85.8);
INSERT INTO Tianxx_Reports VALUES ('S000061', 31, 71.4);
INSERT INTO Tianxx_Reports VALUES ('S000061', 4, 73.5);
INSERT INTO Tianxx_Reports VALUES ('S000061', 13, 90.6);
INSERT INTO Tianxx_Reports VALUES ('S000061', 48, 91.6);
INSERT INTO Tianxx_Reports VALUES ('S000062', 1, 67.7);
INSERT INTO Tianxx_Reports VALUES ('S000062', 42, 61.2);
INSERT INTO Tianxx_Reports VALUES ('S000062', 26, 92.6);
INSERT INTO Tianxx_Reports VALUES ('S000062', 19, 64.3);
INSERT INTO Tianxx_Reports VALUES ('S000062', 34, 90.1);
INSERT INTO Tianxx_Reports VALUES ('S000063', 22, 71.0);
INSERT INTO Tianxx_Reports VALUES ('S000063', 40, 77.5);
INSERT INTO Tianxx_Reports VALUES ('S000063', 47, 72.5);
INSERT INTO Tianxx_Reports VALUES ('S000063', 29, 97.0);
INSERT INTO Tianxx_Reports VALUES ('S000063', 23, 63.0);
INSERT INTO Tianxx_Reports VALUES ('S000063', 44, 62.3);
INSERT INTO Tianxx_Reports VALUES ('S000063', 48, 93.9);
INSERT INTO Tianxx_Reports VALUES ('S000064', 3, 73.6);
INSERT INTO Tianxx_Reports VALUES ('S000064', 30, 87.1);
INSERT INTO Tianxx_Reports VALUES ('S000064', 14, 70.5);
INSERT INTO Tianxx_Reports VALUES ('S000064', 28, 66.6);
INSERT INTO Tianxx_Reports VALUES ('S000064', 32, 94.6);
INSERT INTO Tianxx_Reports VALUES ('S000064', 7, 94.5);
INSERT INTO Tianxx_Reports VALUES ('S000065', 45, 78.4);
INSERT INTO Tianxx_Reports VALUES ('S000065', 34, 98.4);
INSERT INTO Tianxx_Reports VALUES ('S000065', 25, 96.8);
INSERT INTO Tianxx_Reports VALUES ('S000065',23 , 90.4);
INSERT INTO Tianxx_Reports VALUES ('S000065', 22, 68.8);
INSERT INTO Tianxx_Reports VALUES ('S000065', 48, 67.9);
INSERT INTO Tianxx_Reports VALUES ('S000066', 32, 61.9);
INSERT INTO Tianxx_Reports VALUES ('S000066', 19, 94.2);
INSERT INTO Tianxx_Reports VALUES ('S000066', 45, 87.3);
INSERT INTO Tianxx_Reports VALUES ('S000066', 21, 93.9);
INSERT INTO Tianxx_Reports VALUES ('S000066', 9, 61.6);
INSERT INTO Tianxx_Reports VALUES ('S000066', 38, 93.9);
INSERT INTO Tianxx_Reports VALUES ('S000066', 49, 67.6);
INSERT INTO Tianxx_Reports VALUES ('S000067', 22, 61.6);
INSERT INTO Tianxx_Reports VALUES ('S000067', 23, 62.4);
INSERT INTO Tianxx_Reports VALUES ('S000067', 34, 88.9);
INSERT INTO Tianxx_Reports VALUES ('S000067', 38, 94.7);
INSERT INTO Tianxx_Reports VALUES ('S000067', 25, 73.3);
INSERT INTO Tianxx_Reports VALUES ('S000067', 45, 98.2);
INSERT INTO Tianxx_Reports VALUES ('S000067', 2, 95.7);
INSERT INTO Tianxx_Reports VALUES ('S000068', 32, 84.8);
INSERT INTO Tianxx_Reports VALUES ('S000068', 4, 83.7);
INSERT INTO Tianxx_Reports VALUES ('S000068', 25, 84.0);
INSERT INTO Tianxx_Reports VALUES ('S000068', 21, 88.7);
INSERT INTO Tianxx_Reports VALUES ('S000068', 45, 67.2);
INSERT INTO Tianxx_Reports VALUES ('S000069', 19, 97.0);
INSERT INTO Tianxx_Reports VALUES ('S000069', 6, 79.9);
INSERT INTO Tianxx_Reports VALUES ('S000069', 29, 77.0);
INSERT INTO Tianxx_Reports VALUES ('S000069', 50, 75.5);
INSERT INTO Tianxx_Reports VALUES ('S000069', 22, 71.9);
INSERT INTO Tianxx_Reports VALUES ('S000069', 44, 97.6);
INSERT INTO Tianxx_Reports VALUES ('S000070', 8, 60.1);
INSERT INTO Tianxx_Reports VALUES ('S000070',49 , 61.8);
INSERT INTO Tianxx_Reports VALUES ('S000070', 4, 71.5);
INSERT INTO Tianxx_Reports VALUES ('S000070', 28, 83.0);
INSERT INTO Tianxx_Reports VALUES ('S000070', 3, 69.7);
INSERT INTO Tianxx_Reports VALUES ('S000070', 41, 64.8);
INSERT INTO Tianxx_Reports VALUES ('S000071', 33, 95.0);
INSERT INTO Tianxx_Reports VALUES ('S000071', 39, 64.1);
INSERT INTO Tianxx_Reports VALUES ('S000071', 14, 70.4);
INSERT INTO Tianxx_Reports VALUES ('S000071', 9, 95.8);
INSERT INTO Tianxx_Reports VALUES ('S000071', 49, 77.9);
INSERT INTO Tianxx_Reports VALUES ('S000071', 6, 90.5);
INSERT INTO Tianxx_Reports VALUES ('S000071', 2, 86.6);
INSERT INTO Tianxx_Reports VALUES ('S000072', 7, 93.4);
INSERT INTO Tianxx_Reports VALUES ('S000072', 29, 83.2);
INSERT INTO Tianxx_Reports VALUES ('S000072', 27, 77.9);
INSERT INTO Tianxx_Reports VALUES ('S000072', 28, 88.9);
INSERT INTO Tianxx_Reports VALUES ('S000072', 10, 61.4);
INSERT INTO Tianxx_Reports VALUES ('S000072', 16, 84.8);
INSERT INTO Tianxx_Reports VALUES ('S000072', 14, 71.0);
INSERT INTO Tianxx_Reports VALUES ('S000073', 19, 71.5);
INSERT INTO Tianxx_Reports VALUES ('S000073', 23, 66.0);
INSERT INTO Tianxx_Reports VALUES ('S000073', 15, 78.2);
INSERT INTO Tianxx_Reports VALUES ('S000073', 20, 74.1);
INSERT INTO Tianxx_Reports VALUES ('S000073', 17, 74.0);
INSERT INTO Tianxx_Reports VALUES ('S000074', 16, 75.4);
INSERT INTO Tianxx_Reports VALUES ('S000074', 6, 96.4);
INSERT INTO Tianxx_Reports VALUES ('S000074', 1, 63.3);
INSERT INTO Tianxx_Reports VALUES ('S000074', 32, 84.4);
INSERT INTO Tianxx_Reports VALUES ('S000074', 9, 77.0);
INSERT INTO Tianxx_Reports VALUES ('S000075', 9, 74.9);
INSERT INTO Tianxx_Reports VALUES ('S000075', 33, 89.7);
INSERT INTO Tianxx_Reports VALUES ('S000075', 32, 68.8);
INSERT INTO Tianxx_Reports VALUES ('S000075', 35, 76.7);
INSERT INTO Tianxx_Reports VALUES ('S000075', 14, 91.6);
INSERT INTO Tianxx_Reports VALUES ('S000075', 26, 66.1);
INSERT INTO Tianxx_Reports VALUES ('S000075', 2, 99.1);
INSERT INTO Tianxx_Reports VALUES ('S000076', 26, 81.3);
INSERT INTO Tianxx_Reports VALUES ('S000076', 38, 72.8);
INSERT INTO Tianxx_Reports VALUES ('S000076', 48, 96.8);
INSERT INTO Tianxx_Reports VALUES ('S000076', 20, 71.5);
INSERT INTO Tianxx_Reports VALUES ('S000076', 5, 97.0);
INSERT INTO Tianxx_Reports VALUES ('S000076', 29, 65.3);
INSERT INTO Tianxx_Reports VALUES ('S000077', 35, 62.5);
INSERT INTO Tianxx_Reports VALUES ('S000077', 12, 90.5);
INSERT INTO Tianxx_Reports VALUES ('S000077', 45, 69.8);
INSERT INTO Tianxx_Reports VALUES ('S000077', 14, 71.2);
INSERT INTO Tianxx_Reports VALUES ('S000077', 38, 94.9);
INSERT INTO Tianxx_Reports VALUES ('S000078', 22, 62.4);
INSERT INTO Tianxx_Reports VALUES ('S000078', 36, 75.2);
INSERT INTO Tianxx_Reports VALUES ('S000078', 17, 67.5);
INSERT INTO Tianxx_Reports VALUES ('S000078', 47, 67.6);
INSERT INTO Tianxx_Reports VALUES ('S000078', 13, 63.9);
INSERT INTO Tianxx_Reports VALUES ('S000078', 32, 66.6);
INSERT INTO Tianxx_Reports VALUES ('S000078', 10, 92.2);
INSERT INTO Tianxx_Reports VALUES ('S000079', 49, 96.0);
INSERT INTO Tianxx_Reports VALUES ('S000079', 50, 86.5);
INSERT INTO Tianxx_Reports VALUES ('S000079', 35, 73.3);
INSERT INTO Tianxx_Reports VALUES ('S000079', 25, 62.3);
INSERT INTO Tianxx_Reports VALUES ('S000079', 13, 64.4);
INSERT INTO Tianxx_Reports VALUES ('S000080', 38, 97.4);
INSERT INTO Tianxx_Reports VALUES ('S000080', 1, 95.2);
INSERT INTO Tianxx_Reports VALUES ('S000080', 35, 90.7);
INSERT INTO Tianxx_Reports VALUES ('S000080', 12, 79.8);
INSERT INTO Tianxx_Reports VALUES ('S000080', 41, 75.9);
INSERT INTO Tianxx_Reports VALUES ('S000080', 6, 62.6);
INSERT INTO Tianxx_Reports VALUES ('S000080', 36, 87.4);
INSERT INTO Tianxx_Reports VALUES ('S000081', 43, 85.0);
INSERT INTO Tianxx_Reports VALUES ('S000081', 45, 65.8);
INSERT INTO Tianxx_Reports VALUES ('S000081', 33, 68.9);
INSERT INTO Tianxx_Reports VALUES ('S000081', 40, 75.1);
INSERT INTO Tianxx_Reports VALUES ('S000081', 6, 88.0);
INSERT INTO Tianxx_Reports VALUES ('S000081', 29, 85.2);
INSERT INTO Tianxx_Reports VALUES ('S000082', 31, 73.1);
INSERT INTO Tianxx_Reports VALUES ('S000082', 25, 72.1);
INSERT INTO Tianxx_Reports VALUES ('S000082', 4, 90.5);
INSERT INTO Tianxx_Reports VALUES ('S000082', 28, 71.8);
INSERT INTO Tianxx_Reports VALUES ('S000082', 1, 75.7);
INSERT INTO Tianxx_Reports VALUES ('S000082', 16, 62.7);
INSERT INTO Tianxx_Reports VALUES ('S000082', 46, 97.6);
INSERT INTO Tianxx_Reports VALUES ('S000083', 42, 89.6);
INSERT INTO Tianxx_Reports VALUES ('S000083', 40, 66.9);
INSERT INTO Tianxx_Reports VALUES ('S000083', 5, 93.2);
INSERT INTO Tianxx_Reports VALUES ('S000083', 22, 83.8);
INSERT INTO Tianxx_Reports VALUES ('S000083', 38, 77.4);
INSERT INTO Tianxx_Reports VALUES ('S000083', 21, 74.7);
INSERT INTO Tianxx_Reports VALUES ('S000084', 33, 79.3);
INSERT INTO Tianxx_Reports VALUES ('S000084', 14, 99.4);
INSERT INTO Tianxx_Reports VALUES ('S000084', 23, 64.1);
INSERT INTO Tianxx_Reports VALUES ('S000084', 29, 79.8);
INSERT INTO Tianxx_Reports VALUES ('S000084', 47, 81.2);
INSERT INTO Tianxx_Reports VALUES ('S000085', 41, 97.7);
INSERT INTO Tianxx_Reports VALUES ('S000085', 20, 63.9);
INSERT INTO Tianxx_Reports VALUES ('S000085', 8, 96.5);
INSERT INTO Tianxx_Reports VALUES ('S000085', 23, 68.2);
INSERT INTO Tianxx_Reports VALUES ('S000085', 42, 69.5);
INSERT INTO Tianxx_Reports VALUES ('S000086', 5, 66.1);
INSERT INTO Tianxx_Reports VALUES ('S000086', 21, 67.7);
INSERT INTO Tianxx_Reports VALUES ('S000086', 38, 62.8);
INSERT INTO Tianxx_Reports VALUES ('S000086', 33, 82.1);
INSERT INTO Tianxx_Reports VALUES ('S000086', 28, 65.0);
INSERT INTO Tianxx_Reports VALUES ('S000087', 5, 64.0);
INSERT INTO Tianxx_Reports VALUES ('S000087', 41, 81.2);
INSERT INTO Tianxx_Reports VALUES ('S000087', 18, 70.5);
INSERT INTO Tianxx_Reports VALUES ('S000087', 32, 89.9);
INSERT INTO Tianxx_Reports VALUES ('S000087', 19, 73.5);
INSERT INTO Tianxx_Reports VALUES ('S000088', 38, 62.3);
INSERT INTO Tianxx_Reports VALUES ('S000088', 42, 77.8);
INSERT INTO Tianxx_Reports VALUES ('S000088', 2, 92.2);
INSERT INTO Tianxx_Reports VALUES ('S000088', 36, 65.6);
INSERT INTO Tianxx_Reports VALUES ('S000088', 34, 91.2);
INSERT INTO Tianxx_Reports VALUES ('S000088', 8, 68.1);
INSERT INTO Tianxx_Reports VALUES ('S000088', 41, 85.2);
INSERT INTO Tianxx_Reports VALUES ('S000089', 8, 65.7);
INSERT INTO Tianxx_Reports VALUES ('S000089', 40, 65.7);
INSERT INTO Tianxx_Reports VALUES ('S000089', 31, 93.6);
INSERT INTO Tianxx_Reports VALUES ('S000089', 33, 75.5);
INSERT INTO Tianxx_Reports VALUES ('S000089', 50, 90.0);
INSERT INTO Tianxx_Reports VALUES ('S000089', 34, 90.4);
INSERT INTO Tianxx_Reports VALUES ('S000089', 13, 79.5);
INSERT INTO Tianxx_Reports VALUES ('S000090', 41, 86.4);
INSERT INTO Tianxx_Reports VALUES ('S000090', 13, 64.3);
INSERT INTO Tianxx_Reports VALUES ('S000090', 48, 76.6);
INSERT INTO Tianxx_Reports VALUES ('S000090', 17, 79.5);
INSERT INTO Tianxx_Reports VALUES ('S000090', 21, 61.0);
INSERT INTO Tianxx_Reports VALUES ('S000090', 38, 75.0);
INSERT INTO Tianxx_Reports VALUES ('S000090', 33, 98.7);
INSERT INTO Tianxx_Reports VALUES ('S000091', 6, 93.2);
INSERT INTO Tianxx_Reports VALUES ('S000091', 4, 82.8);
INSERT INTO Tianxx_Reports VALUES ('S000091', 9, 75.3);
INSERT INTO Tianxx_Reports VALUES ('S000091', 40, 89.1);
INSERT INTO Tianxx_Reports VALUES ('S000091', 47, 99.7);
INSERT INTO Tianxx_Reports VALUES ('S000092', 29, 66.9);
INSERT INTO Tianxx_Reports VALUES ('S000092', 6, 91.6);
INSERT INTO Tianxx_Reports VALUES ('S000092', 28, 99.8);
INSERT INTO Tianxx_Reports VALUES ('S000092', 40, 89.5);
INSERT INTO Tianxx_Reports VALUES ('S000092', 8, 83.8);
INSERT INTO Tianxx_Reports VALUES ('S000093', 40, 69.4);
INSERT INTO Tianxx_Reports VALUES ('S000093', 15, 62.9);
INSERT INTO Tianxx_Reports VALUES ('S000093', 49, 69.0);
INSERT INTO Tianxx_Reports VALUES ('S000093', 5, 90.4);
INSERT INTO Tianxx_Reports VALUES ('S000093', 31, 86.7);
INSERT INTO Tianxx_Reports VALUES ('S000094', 28, 75.0);
INSERT INTO Tianxx_Reports VALUES ('S000094', 9, 89.7);
INSERT INTO Tianxx_Reports VALUES ('S000094', 8, 72.4);
INSERT INTO Tianxx_Reports VALUES ('S000094', 6, 94.5);
INSERT INTO Tianxx_Reports VALUES ('S000094', 1, 87.3);
INSERT INTO Tianxx_Reports VALUES ('S000095', 13, 95.6);
INSERT INTO Tianxx_Reports VALUES ('S000095', 42, 77.6);
INSERT INTO Tianxx_Reports VALUES ('S000095', 15, 98.5);
INSERT INTO Tianxx_Reports VALUES ('S000095', 10, 86.0);
INSERT INTO Tianxx_Reports VALUES ('S000095', 46, 61.7);
INSERT INTO Tianxx_Reports VALUES ('S000096', 24, 74.9);
INSERT INTO Tianxx_Reports VALUES ('S000096', 22, 62.4);
INSERT INTO Tianxx_Reports VALUES ('S000096', 8, 85.1);
INSERT INTO Tianxx_Reports VALUES ('S000096', 37, 61.5);
INSERT INTO Tianxx_Reports VALUES ('S000096', 32, 99.0);
INSERT INTO Tianxx_Reports VALUES ('S000096', 29, 96.9);
INSERT INTO Tianxx_Reports VALUES ('S000097', 20, 88.7);
INSERT INTO Tianxx_Reports VALUES ('S000097', 40, 95.0);
INSERT INTO Tianxx_Reports VALUES ('S000097', 46, 77.3);
INSERT INTO Tianxx_Reports VALUES ('S000097', 35, 99.6);
INSERT INTO Tianxx_Reports VALUES ('S000097', 31, 95.9);
INSERT INTO Tianxx_Reports VALUES ('S000097', 26, 84.4);
INSERT INTO Tianxx_Reports VALUES ('S000097', 4, 72.6);
INSERT INTO Tianxx_Reports VALUES ('S000098', 36, 91.5);
INSERT INTO Tianxx_Reports VALUES ('S000098', 43, 86.3);
INSERT INTO Tianxx_Reports VALUES ('S000098', 45, 95.2);
INSERT INTO Tianxx_Reports VALUES ('S000098', 50, 82.2);
INSERT INTO Tianxx_Reports VALUES ('S000098', 49, 67.5);
INSERT INTO Tianxx_Reports VALUES ('S000098', 48, 91.0);
INSERT INTO Tianxx_Reports VALUES ('S000098', 28, 65.0);
INSERT INTO Tianxx_Reports VALUES ('S000099', 20, 75.0);
INSERT INTO Tianxx_Reports VALUES ('S000099', 16, 81.3);
INSERT INTO Tianxx_Reports VALUES ('S000099', 47, 79.7);
INSERT INTO Tianxx_Reports VALUES ('S000099', 35, 80.1);
INSERT INTO Tianxx_Reports VALUES ('S000099', 26, 92.2);
INSERT INTO Tianxx_Reports VALUES ('S000099',22 , 67.9);
INSERT INTO Tianxx_Reports VALUES ('S000100', 18, 94.2);
INSERT INTO Tianxx_Reports VALUES ('S000100', 47, 79.9);
INSERT INTO Tianxx_Reports VALUES ('S000100', 6, 89.6);
INSERT INTO Tianxx_Reports VALUES ('S000100', 1, 64.3);
INSERT INTO Tianxx_Reports VALUES ('S000100', 46, 76.5);
INSERT INTO Tianxx_Reports VALUES ('S000100', 38, 64.7);
